bit_setting,bits,metric,baseline_mode,candidate_mode,test,n_pairs,statistic,p_value,baseline_mean,candidate_mean,delta_candidate_minus_baseline,p_value_holm,significant_0_05
2,2.0,attention_output_relative_error,protected_v,protected_v_lowrank,wilcoxon_signed_rank,9,0.0,0.00390625,0.2760143147574531,0.26411036650339764,-0.011903948254055441,0.01953125,True
2,2.0,attention_output_relative_error,protected_v,v_mse_block_so8,wilcoxon_signed_rank,9,0.0,0.00390625,0.2760143147574531,0.33817390269703335,0.06215958793958026,0.01953125,True
2,2.0,attention_output_relative_error,protected_v,v_mse_random,wilcoxon_signed_rank,9,0.0,0.00390625,0.2760143147574531,0.33813149399227566,0.06211717923482257,0.01953125,True
2,2.0,attention_output_relative_error,protected_v,v_prod_block_so8,wilcoxon_signed_rank,9,0.0,0.00390625,0.2760143147574531,0.753266778257158,0.47725246349970496,0.01953125,True
2,2.0,attention_output_relative_error,protected_v,v_prod_random,wilcoxon_signed_rank,9,0.0,0.00390625,0.2760143147574531,0.7453364994790819,0.4693221847216288,0.01953125,True
2,2.0,hidden_cosine_similarity,protected_v,protected_v_lowrank,wilcoxon_signed_rank,9,0.0,0.00390625,0.9612586034668816,0.9645800789197286,0.0033214754528470003,0.01953125,True
2,2.0,hidden_cosine_similarity,protected_v,v_mse_block_so8,wilcoxon_signed_rank,9,0.0,0.00390625,0.9612586034668816,0.941084967719184,-0.020173635747697594,0.01953125,True
2,2.0,hidden_cosine_similarity,protected_v,v_mse_random,wilcoxon_signed_rank,9,0.0,0.00390625,0.9612586034668816,0.9410791330867343,-0.020179470380147335,0.01953125,True
2,2.0,hidden_cosine_similarity,protected_v,v_prod_block_so8,wilcoxon_signed_rank,9,0.0,0.00390625,0.9612586034668816,0.7955681416723464,-0.16569046179453528,0.01953125,True
2,2.0,hidden_cosine_similarity,protected_v,v_prod_random,wilcoxon_signed_rank,9,0.0,0.00390625,0.9612586034668816,0.7997321287790934,-0.16152647468778825,0.01953125,True
2,2.0,memory_ratio_vs_exact,protected_v,protected_v_lowrank,wilcoxon_signed_rank,9,0.0,0.00390625,0.14892578125,0.16455078125,0.015625,0.01953125,True
2,2.0,memory_ratio_vs_exact,protected_v,v_mse_block_so8,wilcoxon_signed_rank,9,0.0,0.00390625,0.14892578125,0.07421875,-0.07470703125,0.01953125,True
2,2.0,memory_ratio_vs_exact,protected_v,v_mse_random,wilcoxon_signed_rank,9,0.0,0.00390625,0.14892578125,0.07421875,-0.07470703125,0.01953125,True
2,2.0,memory_ratio_vs_exact,protected_v,v_prod_block_so8,wilcoxon_signed_rank,9,0.0,0.00390625,0.14892578125,0.078125,-0.07080078125,0.01953125,True
2,2.0,memory_ratio_vs_exact,protected_v,v_prod_random,wilcoxon_signed_rank,9,0.0,0.00390625,0.14892578125,0.078125,-0.07080078125,0.01953125,True
3,3.0,attention_output_relative_error,protected_v,protected_v_lowrank,wilcoxon_signed_rank,9,0.0,0.00390625,0.14969830214977264,0.14379913277096218,-0.005899169378810465,0.01953125,True
3,3.0,attention_output_relative_error,protected_v,v_mse_block_so8,wilcoxon_signed_rank,9,0.0,0.00390625,0.14969830214977264,0.1843196584118737,0.034621356262101055,0.01953125,True
3,3.0,attention_output_relative_error,protected_v,v_mse_random,wilcoxon_signed_rank,9,0.0,0.00390625,0.14969830214977264,0.18242257999049294,0.032724277840720295,0.01953125,True
3,3.0,attention_output_relative_error,protected_v,v_prod_block_so8,wilcoxon_signed_rank,9,0.0,0.00390625,0.14969830214977264,0.42084793249766034,0.2711496303478877,0.01953125,True
3,3.0,attention_output_relative_error,protected_v,v_prod_random,wilcoxon_signed_rank,9,0.0,0.00390625,0.14969830214977264,0.42908088035053676,0.2793825782007641,0.01953125,True
3,3.0,hidden_cosine_similarity,protected_v,protected_v_lowrank,wilcoxon_signed_rank,9,0.0,0.00390625,0.9887652264700996,0.9896359377437167,0.000870711273617153,0.01953125,True
3,3.0,hidden_cosine_similarity,protected_v,v_mse_block_so8,wilcoxon_signed_rank,9,0.0,0.00390625,0.9887652264700996,0.9828712410397,-0.00589398543039954,0.01953125,True
3,3.0,hidden_cosine_similarity,protected_v,v_mse_random,wilcoxon_signed_rank,9,0.0,0.00390625,0.9887652264700996,0.9832275708516439,-0.00553765561845565,0.01953125,True
3,3.0,hidden_cosine_similarity,protected_v,v_prod_block_so8,wilcoxon_signed_rank,9,0.0,0.00390625,0.9887652264700996,0.9224100179142423,-0.0663552085558573,0.01953125,True
3,3.0,hidden_cosine_similarity,protected_v,v_prod_random,wilcoxon_signed_rank,9,0.0,0.00390625,0.9887652264700996,0.9193298617998759,-0.06943536467022371,0.01953125,True
3,3.0,memory_ratio_vs_exact,protected_v,protected_v_lowrank,wilcoxon_signed_rank,9,0.0,0.00390625,0.17822265625,0.19384765625,0.015625,0.01953125,True
3,3.0,memory_ratio_vs_exact,protected_v,v_mse_block_so8,wilcoxon_signed_rank,9,0.0,0.00390625,0.17822265625,0.10546875,-0.07275390625,0.01953125,True
3,3.0,memory_ratio_vs_exact,protected_v,v_mse_random,wilcoxon_signed_rank,9,0.0,0.00390625,0.17822265625,0.10546875,-0.07275390625,0.01953125,True
3,3.0,memory_ratio_vs_exact,protected_v,v_prod_block_so8,wilcoxon_signed_rank,9,0.0,0.00390625,0.17822265625,0.109375,-0.06884765625,0.01953125,True
3,3.0,memory_ratio_vs_exact,protected_v,v_prod_random,wilcoxon_signed_rank,9,0.0,0.00390625,0.17822265625,0.109375,-0.06884765625,0.01953125,True
4,4.0,attention_output_relative_error,protected_v,protected_v_lowrank,wilcoxon_signed_rank,9,0.0,0.00390625,0.07960680292712317,0.07672355655166838,-0.0028832463754547982,0.01953125,True
4,4.0,attention_output_relative_error,protected_v,v_mse_block_so8,wilcoxon_signed_rank,9,0.0,0.00390625,0.07960680292712317,0.0973077184624142,0.01770091553529103,0.01953125,True
4,4.0,attention_output_relative_error,protected_v,v_mse_random,wilcoxon_signed_rank,9,0.0,0.00390625,0.07960680292712317,0.09686326401101218,0.017256461083889008,0.01953125,True
4,4.0,attention_output_relative_error,protected_v,v_prod_block_so8,wilcoxon_signed_rank,9,0.0,0.00390625,0.07960680292712317,0.2297933515575197,0.15018654863039654,0.01953125,True
4,4.0,attention_output_relative_error,protected_v,v_prod_random,wilcoxon_signed_rank,9,0.0,0.00390625,0.07960680292712317,0.22967786259121364,0.15007105966409046,0.01953125,True
4,4.0,hidden_cosine_similarity,protected_v,protected_v_lowrank,wilcoxon_signed_rank,9,0.0,0.00390625,0.9968286686473422,0.9970539013544718,0.00022523270712959675,0.01953125,True
4,4.0,hidden_cosine_similarity,protected_v,v_mse_block_so8,wilcoxon_signed_rank,9,0.0,0.00390625,0.9968286686473422,0.9952492978837755,-0.0015793707635667342,0.01953125,True
4,4.0,hidden_cosine_similarity,protected_v,v_mse_random,wilcoxon_signed_rank,9,0.0,0.00390625,0.9968286686473422,0.9953006969557868,-0.0015279716915553854,0.01953125,True
4,4.0,hidden_cosine_similarity,protected_v,v_prod_block_so8,wilcoxon_signed_rank,9,0.0,0.00390625,0.9968286686473422,0.9745232396655612,-0.022305428981781006,0.01953125,True
4,4.0,hidden_cosine_similarity,protected_v,v_prod_random,wilcoxon_signed_rank,9,0.0,0.00390625,0.9968286686473422,0.9746946162647672,-0.022134052382575042,0.01953125,True
4,4.0,memory_ratio_vs_exact,protected_v,protected_v_lowrank,wilcoxon_signed_rank,9,0.0,0.00390625,0.20751953125,0.22314453125,0.015625,0.01953125,True
4,4.0,memory_ratio_vs_exact,protected_v,v_mse_block_so8,wilcoxon_signed_rank,9,0.0,0.00390625,0.20751953125,0.13671875,-0.07080078125,0.01953125,True
4,4.0,memory_ratio_vs_exact,protected_v,v_mse_random,wilcoxon_signed_rank,9,0.0,0.00390625,0.20751953125,0.13671875,-0.07080078125,0.01953125,True
4,4.0,memory_ratio_vs_exact,protected_v,v_prod_block_so8,wilcoxon_signed_rank,9,0.0,0.00390625,0.20751953125,0.140625,-0.06689453125,0.01953125,True
4,4.0,memory_ratio_vs_exact,protected_v,v_prod_random,wilcoxon_signed_rank,9,0.0,0.00390625,0.20751953125,0.140625,-0.06689453125,0.01953125,True
